[
  {
    "model":"main_app.Person",
    "pk":1,
    "fields":{
      "first_name":"Tony",
      "last_name":"Stark",
      "email":"tony@stark.com",
      "title":"Iron Man",
      "slug":"tony-stark",
      "church_id":"1"
    }
  },
  {
    "model":"main_app.Person",
    "pk":2,
    "fields":{
      "first_name":"Bill",
      "last_name":"Murray",
      "email":"bill@murray.com",
      "title":"Peter Venkman",
      "slug":"bill-murray",
      "church_id":"1"
    }
  },
  {
    "model":"main_app.Person",
    "pk":3,
    "fields":{
      "first_name":"Nick",
      "last_name":"Cage",
      "email":"nick@cage.com",
      "title":"Left Las Vegas",
      "slug":"nick-cage",
      "church_id":"2"
    }
  },
  {
    "model":"main_app.Person",
    "pk":4,
    "fields":{
      "first_name":"Steven",
      "last_name":"Seagal",
      "email":"Steven@Seagal.com",
      "title":"Casey Ryback",
      "slug":"steven-seagal",
      "church_id":"2"
    }
  },
  {
    "model":"main_app.Person",
    "pk":5,
    "fields":{
      "first_name":"Cage",
      "last_name":"Calm",
      "email":"nick@calm.com",
      "title":"Chilled Cage",
      "slug":"cage-calm",
      "church_id":"1"
    }
  },
  {
    "model":"main_app.Church",
    "pk":1,
    "fields":{
      "church_name":"Saint Paul's"
    }
  },
  {
    "model":"main_app.Church",
    "pk":2,
    "fields":{
      "church_name":"Champions"
    }
  },
  {
    "model":"main_app.Church",
    "pk":3,
    "fields":{
      "church_name":"Brandhall"
    }
  }
]